Timestamp,ActiveCount,LogLength,BlockHeight,ProposedTime,Latency
2024-08-28T07:28:33Z,1,2,0,,
2024-08-28T07:28:33Z,0,2,0,,
2024-08-28T07:28:33Z,0,2,0,,
2024-08-28T07:28:33Z,0,2,0,,
2024-08-28T07:28:33Z,0,2,0,,
2024-08-28T07:28:33Z,1,2,0,,
2024-08-28T07:28:33Z,0,2,0,,
2024-08-28T07:28:33Z,0,2,0,,
2024-08-28T07:28:33Z,0,2,0,,
2024-08-28T07:28:33Z,1,2,0,,
2024-08-28T07:28:43Z,0,2,0,,
2024-08-28T07:28:43Z,1,2,0,,
2024-08-28T07:28:43Z,1,2,0,,
2024-08-28T07:28:43Z,1,2,0,,
2024-08-28T07:28:43Z,1,2,0,,
2024-08-28T07:28:43Z,0,2,0,,
2024-08-28T07:28:43Z,0,2,0,,
2024-08-28T07:28:43Z,1,2,0,,
2024-08-28T07:28:43Z,0,2,0,,
2024-08-28T07:28:43Z,0,2,0,,
2024-08-28T07:28:53Z,1,2,0,,
2024-08-28T07:28:53Z,0,2,0,,
2024-08-28T07:28:53Z,1,2,0,,
2024-08-28T07:28:53Z,1,2,0,,
2024-08-28T07:28:53Z,1,2,0,,
2024-08-28T07:28:53Z,1,2,0,,
2024-08-28T07:28:53Z,1,2,0,,
2024-08-28T07:28:53Z,1,2,0,,
2024-08-28T07:28:53Z,1,2,0,,
2024-08-28T07:28:53Z,0,2,0,,
2024-08-28T07:29:03Z,1,3,0,,
2024-08-28T07:29:03Z,0,3,0,,
2024-08-28T07:29:03Z,0,3,0,,
2024-08-28T07:29:03Z,0,3,0,,
2024-08-28T07:29:03Z,0,3,0,,
2024-08-28T07:29:03Z,0,3,0,,
2024-08-28T07:29:03Z,1,3,0,,
2024-08-28T07:29:03Z,0,3,0,,
2024-08-28T07:29:03Z,0,3,0,,
2024-08-28T07:29:03Z,1,3,0,,
2024-08-28T07:29:13Z,1,3,0,,
2024-08-28T07:29:13Z,0,3,0,,
2024-08-28T07:29:13Z,0,3,0,,
2024-08-28T07:29:13Z,1,3,0,,
2024-08-28T07:29:13Z,1,3,0,,
2024-08-28T07:29:13Z,1,3,0,,
2024-08-28T07:29:13Z,1,3,0,,
2024-08-28T07:29:13Z,1,3,0,,
2024-08-28T07:29:13Z,1,3,0,,
2024-08-28T07:29:13Z,1,3,0,,
2024-08-28T07:29:23Z,1,3,0,,
2024-08-28T07:29:23Z,1,3,0,,
2024-08-28T07:29:23Z,0,3,0,,
2024-08-28T07:29:23Z,1,3,0,,
2024-08-28T07:29:23Z,1,3,0,,
2024-08-28T07:29:23Z,0,3,0,,
2024-08-28T07:29:23Z,1,3,0,,
2024-08-28T07:29:23Z,1,3,0,,
2024-08-28T07:29:23Z,1,3,0,,
2024-08-28T07:29:23Z,0,3,0,,
2024-08-28T07:29:33Z,1,3,0,,
2024-08-28T07:29:33Z,0,3,0,,
2024-08-28T07:29:33Z,0,3,0,,
2024-08-28T07:29:33Z,0,3,0,,
2024-08-28T07:29:33Z,1,3,0,,
2024-08-28T07:29:33Z,1,3,0,,
2024-08-28T07:29:33Z,1,3,0,,
2024-08-28T07:29:33Z,0,3,0,,
2024-08-28T07:29:33Z,0,3,0,,
2024-08-28T07:29:33Z,1,3,0,,
2024-08-28T07:29:43Z,1,4,0,,
2024-08-28T07:29:43Z,1,4,0,,
2024-08-28T07:29:43Z,1,4,0,,
2024-08-28T07:29:43Z,1,4,0,,
2024-08-28T07:29:43Z,0,4,0,,
2024-08-28T07:29:43Z,1,4,0,,
2024-08-28T07:29:43Z,0,4,0,,
2024-08-28T07:29:43Z,1,4,0,,
2024-08-28T07:29:43Z,1,4,0,,
2024-08-28T07:29:43Z,1,4,0,,
2024-08-28T07:29:53Z,0,4,0,,
2024-08-28T07:29:53Z,0,4,0,,
2024-08-28T07:29:53Z,0,4,0,,
2024-08-28T07:29:53Z,0,4,0,,
2024-08-28T07:29:53Z,0,4,0,,
2024-08-28T07:29:53Z,1,4,0,,
2024-08-28T07:29:53Z,1,4,0,,
2024-08-28T07:29:53Z,0,4,0,,
2024-08-28T07:29:53Z,1,4,0,,
2024-08-28T07:29:53Z,0,4,0,,
2024-08-28T07:30:03Z,1,4,0,,
2024-08-28T07:30:03Z,0,4,0,,
2024-08-28T07:30:03Z,1,4,0,,
2024-08-28T07:30:03Z,0,4,0,,
2024-08-28T07:30:03Z,0,4,0,,
2024-08-28T07:30:03Z,0,4,0,,
2024-08-28T07:30:03Z,0,4,0,,
2024-08-28T07:30:03Z,0,4,0,,
2024-08-28T07:30:03Z,0,4,0,,
2024-08-28T07:30:03Z,0,4,0,,
2024-08-28T07:30:13Z,0,4,0,,
2024-08-28T07:30:13Z,0,4,0,,
2024-08-28T07:30:13Z,0,4,0,,
2024-08-28T07:30:13Z,0,4,0,,
2024-08-28T07:30:13Z,0,4,0,,
2024-08-28T07:30:13Z,1,4,0,,
2024-08-28T07:30:13Z,1,4,0,,
2024-08-28T07:30:13Z,1,4,0,,
2024-08-28T07:30:13Z,1,4,0,,
2024-08-28T07:30:13Z,0,4,0,,
2024-08-28T07:30:23Z,1,4,0,,
2024-08-28T07:30:23Z,1,4,0,,
2024-08-28T07:30:23Z,0,4,0,,
2024-08-28T07:30:23Z,1,4,0,,
2024-08-28T07:30:23Z,1,4,0,,
2024-08-28T07:30:23Z,0,4,0,,
2024-08-28T07:30:23Z,0,4,0,,
2024-08-28T07:30:23Z,0,4,0,,
2024-08-28T07:30:23Z,1,4,0,,
2024-08-28T07:30:23Z,1,4,0,,
2024-08-28T07:30:33Z,1,4,0,,
2024-08-28T07:30:33Z,1,4,0,,
2024-08-28T07:30:33Z,1,4,0,,
2024-08-28T07:30:33Z,0,4,0,,
2024-08-28T07:30:33Z,0,4,0,,
2024-08-28T07:30:33Z,1,4,0,,
2024-08-28T07:30:33Z,1,4,0,,
2024-08-28T07:30:33Z,0,4,0,,
2024-08-28T07:30:33Z,1,4,0,,
2024-08-28T07:30:33Z,0,4,0,,
2024-08-28T07:30:43Z,1,4,0,,
2024-08-28T07:30:43Z,1,4,0,,
2024-08-28T07:30:43Z,1,4,0,,
2024-08-28T07:30:43Z,0,4,0,,
2024-08-28T07:30:43Z,1,4,0,,
2024-08-28T07:30:43Z,1,4,0,,
2024-08-28T07:30:43Z,1,4,0,,
2024-08-28T07:30:43Z,1,4,0,,
2024-08-28T07:30:43Z,0,4,0,,
2024-08-28T07:30:43Z,1,4,0,,
2024-08-28T07:30:53Z,1,5,0,,
2024-08-28T07:30:53Z,0,5,0,,
2024-08-28T07:30:53Z,0,5,0,,
2024-08-28T07:30:53Z,0,4,0,,
2024-08-28T07:30:53Z,0,4,0,,
2024-08-28T07:30:53Z,1,4,0,,
2024-08-28T07:30:53Z,0,4,0,,
2024-08-28T07:30:53Z,1,4,0,,
2024-08-28T07:30:53Z,0,4,0,,
2024-08-28T07:30:53Z,0,4,0,,
2024-08-28T07:31:03Z,1,5,0,,
2024-08-28T07:31:03Z,1,5,0,,
2024-08-28T07:31:03Z,1,5,0,,
2024-08-28T07:31:03Z,1,5,0,,
2024-08-28T07:31:03Z,1,5,0,,
2024-08-28T07:31:03Z,0,5,0,,
2024-08-28T07:31:03Z,0,5,0,,
2024-08-28T07:31:03Z,0,5,0,,
2024-08-28T07:31:03Z,1,5,0,,
2024-08-28T07:31:03Z,1,5,0,,
2024-08-28T07:31:13Z,1,5,0,,
2024-08-28T07:31:13Z,0,5,0,,
2024-08-28T07:31:13Z,0,5,0,,
2024-08-28T07:31:13Z,0,5,0,,
2024-08-28T07:31:13Z,0,5,0,,
2024-08-28T07:31:13Z,0,5,0,,
2024-08-28T07:31:13Z,1,5,0,,
2024-08-28T07:31:13Z,0,5,0,,
2024-08-28T07:31:13Z,0,5,0,,
2024-08-28T07:31:13Z,1,5,0,,
2024-08-28T07:31:23Z,1,5,0,,
2024-08-28T07:31:23Z,1,5,0,,
2024-08-28T07:31:23Z,1,5,0,,
2024-08-28T07:31:23Z,1,5,0,,
2024-08-28T07:31:23Z,1,5,0,,
2024-08-28T07:31:23Z,1,5,0,,
2024-08-28T07:31:23Z,0,5,0,,
2024-08-28T07:31:23Z,1,5,0,,
2024-08-28T07:31:23Z,1,5,0,,
2024-08-28T07:31:23Z,0,5,0,,
2024-08-28T07:31:33Z,1,6,0,,
2024-08-28T07:31:33Z,1,6,0,,
2024-08-28T07:31:33Z,0,6,0,,
2024-08-28T07:31:33Z,0,6,0,,
2024-08-28T07:31:33Z,0,6,0,,
2024-08-28T07:31:33Z,1,6,0,,
2024-08-28T07:31:33Z,0,6,0,,
2024-08-28T07:31:33Z,0,6,0,,
2024-08-28T07:31:33Z,1,6,0,,
2024-08-28T07:31:33Z,0,6,0,,
2024-08-28T07:31:43Z,0,8,0,,
2024-08-28T07:31:43Z,0,8,0,,
2024-08-28T07:31:43Z,1,8,0,,
2024-08-28T07:31:43Z,0,8,0,,
2024-08-28T07:31:43Z,1,8,0,,
2024-08-28T07:31:43Z,1,8,0,,
2024-08-28T07:31:43Z,1,8,0,,
2024-08-28T07:31:43Z,0,8,0,,
2024-08-28T07:31:43Z,0,8,0,,
2024-08-28T07:31:43Z,0,8,0,,
2024-08-28T07:31:53Z,1,8,0,,
2024-08-28T07:31:53Z,0,8,0,,
2024-08-28T07:31:53Z,1,8,0,,
2024-08-28T07:31:53Z,1,8,0,,
2024-08-28T07:31:53Z,0,8,0,,
2024-08-28T07:31:53Z,0,8,0,,
2024-08-28T07:31:53Z,0,8,0,,
2024-08-28T07:31:53Z,1,8,0,,
2024-08-28T07:31:53Z,1,8,0,,
2024-08-28T07:31:53Z,1,8,0,,
2024-08-28T07:32:03Z,1,9,0,,
2024-08-28T07:32:03Z,1,9,0,,
2024-08-28T07:32:03Z,1,9,0,,
2024-08-28T07:32:03Z,1,9,0,,
2024-08-28T07:32:03Z,0,9,0,,
2024-08-28T07:32:03Z,1,9,0,,
2024-08-28T07:32:03Z,1,9,0,,
2024-08-28T07:32:03Z,1,9,0,,
2024-08-28T07:32:03Z,0,9,0,,
2024-08-28T07:32:03Z,0,9,0,,
2024-08-28T07:32:13Z,1,9,0,,
2024-08-28T07:32:13Z,1,9,0,,
2024-08-28T07:32:13Z,1,9,0,,
2024-08-28T07:32:13Z,0,9,0,,
2024-08-28T07:32:13Z,1,9,0,,
2024-08-28T07:32:13Z,0,9,0,,
2024-08-28T07:32:13Z,0,9,0,,
2024-08-28T07:32:13Z,0,9,0,,
2024-08-28T07:32:13Z,1,9,0,,
2024-08-28T07:32:13Z,1,9,0,,
2024-08-28T07:32:23Z,1,9,0,,
2024-08-28T07:32:23Z,1,9,0,,
2024-08-28T07:32:23Z,1,9,0,,
2024-08-28T07:32:23Z,1,9,0,,
2024-08-28T07:32:23Z,1,9,0,,
2024-08-28T07:32:23Z,1,9,0,,
2024-08-28T07:32:23Z,1,9,0,,
2024-08-28T07:32:23Z,1,9,0,,
2024-08-28T07:32:23Z,1,9,0,,
2024-08-28T07:32:23Z,0,9,0,,
2024-08-28T07:32:33Z,1,9,0,,
2024-08-28T07:32:33Z,0,9,0,,
2024-08-28T07:32:33Z,0,9,0,,
2024-08-28T07:32:33Z,1,9,0,,
2024-08-28T07:32:33Z,0,9,0,,
2024-08-28T07:32:33Z,0,9,0,,
2024-08-28T07:32:33Z,1,9,0,,
2024-08-28T07:32:33Z,0,9,0,,
2024-08-28T07:32:33Z,1,9,0,,
2024-08-28T07:32:33Z,1,9,0,,
2024-08-28T07:32:43Z,0,9,0,,
2024-08-28T07:32:43Z,1,9,0,,
2024-08-28T07:32:43Z,0,9,0,,
2024-08-28T07:32:43Z,1,9,0,,
2024-08-28T07:32:43Z,1,9,0,,
2024-08-28T07:32:43Z,1,9,0,,
2024-08-28T07:32:43Z,1,9,0,,
2024-08-28T07:32:43Z,1,9,0,,
2024-08-28T07:32:43Z,1,9,0,,
2024-08-28T07:32:43Z,0,9,0,,
2024-08-28T07:32:53Z,1,9,0,,
2024-08-28T07:32:53Z,1,9,0,,
2024-08-28T07:32:53Z,0,9,0,,
2024-08-28T07:32:53Z,0,9,0,,
2024-08-28T07:32:53Z,0,9,0,,
2024-08-28T07:32:53Z,0,9,0,,
2024-08-28T07:32:53Z,0,9,0,,
2024-08-28T07:32:53Z,1,9,0,,
2024-08-28T07:32:53Z,1,9,0,,
2024-08-28T07:32:53Z,1,9,0,,
2024-08-28T07:33:03Z,0,10,0,,
2024-08-28T07:33:03Z,1,9,0,,
2024-08-28T07:33:03Z,1,9,0,,
2024-08-28T07:33:03Z,0,9,0,,
2024-08-28T07:33:03Z,1,9,0,,
2024-08-28T07:33:03Z,0,9,0,,
2024-08-28T07:33:03Z,1,9,0,,
2024-08-28T07:33:03Z,0,9,0,,
2024-08-28T07:33:03Z,1,9,0,,
2024-08-28T07:33:03Z,1,9,0,,
2024-08-28T07:33:13Z,0,10,0,,
2024-08-28T07:33:13Z,0,10,0,,
2024-08-28T07:33:13Z,1,10,0,,
2024-08-28T07:33:13Z,1,10,0,,
2024-08-28T07:33:13Z,1,10,0,,
2024-08-28T07:33:13Z,0,10,0,,
2024-08-28T07:33:13Z,0,10,0,,
2024-08-28T07:33:13Z,1,10,0,,
2024-08-28T07:33:13Z,1,10,0,,
2024-08-28T07:33:13Z,1,10,0,,
2024-08-28T07:33:23Z,0,10,0,,
2024-08-28T07:33:23Z,0,10,0,,
2024-08-28T07:33:23Z,1,10,0,,
2024-08-28T07:33:23Z,1,10,0,,
2024-08-28T07:33:23Z,1,10,0,,
2024-08-28T07:33:23Z,0,10,0,,
2024-08-28T07:33:23Z,1,10,0,,
2024-08-28T07:33:23Z,1,10,0,,
2024-08-28T07:33:23Z,1,10,0,,
2024-08-28T07:33:23Z,0,10,0,,
2024-08-28T07:33:28Z,0,0,1,2024-08-28T07:28:22Z,5m5.976680198s
2024-08-28T07:33:28Z,0,0,1,2024-08-28T07:28:22Z,5m5.977076461s
2024-08-28T07:33:28Z,0,0,1,2024-08-28T07:28:22Z,5m5.977399252s
2024-08-28T07:33:28Z,0,0,1,2024-08-28T07:28:22Z,5m5.977757853s
2024-08-28T07:33:28Z,0,0,1,2024-08-28T07:28:22Z,5m5.978104628s
2024-08-28T07:33:28Z,0,0,1,2024-08-28T07:28:22Z,5m5.978437331s
2024-08-28T07:33:28Z,0,0,1,2024-08-28T07:28:22Z,5m5.996938849s
2024-08-28T07:33:28Z,0,0,1,2024-08-28T07:28:22Z,5m5.997288495s
2024-08-28T07:33:28Z,0,0,1,2024-08-28T07:28:22Z,5m5.997614984s
2024-08-28T07:33:28Z,0,0,1,2024-08-28T07:28:22Z,5m5.997961091s
2024-08-28T07:33:33Z,1,11,0,,
2024-08-28T07:33:33Z,1,11,0,,
2024-08-28T07:33:33Z,1,11,0,,
2024-08-28T07:33:33Z,0,11,0,,
2024-08-28T07:33:33Z,0,11,0,,
2024-08-28T07:33:33Z,0,11,0,,
2024-08-28T07:33:33Z,0,11,0,,
2024-08-28T07:33:33Z,1,11,0,,
2024-08-28T07:33:33Z,1,11,0,,
2024-08-28T07:33:33Z,1,11,0,,
2024-08-28T07:33:43Z,1,11,0,,
2024-08-28T07:33:43Z,1,11,0,,
2024-08-28T07:33:43Z,0,11,0,,
2024-08-28T07:33:43Z,1,11,0,,
2024-08-28T07:33:43Z,0,11,0,,
2024-08-28T07:33:43Z,1,11,0,,
2024-08-28T07:33:43Z,0,11,0,,
2024-08-28T07:33:43Z,1,11,0,,
2024-08-28T07:33:43Z,1,11,0,,
2024-08-28T07:33:43Z,0,11,0,,
2024-08-28T07:33:52Z,0,0,2,2024-08-28T07:28:29Z,5m22.339418645s
2024-08-28T07:33:52Z,0,0,2,2024-08-28T07:28:29Z,5m22.440476881s
2024-08-28T07:33:52Z,0,0,2,2024-08-28T07:28:29Z,5m22.540839071s
2024-08-28T07:33:52Z,0,0,2,2024-08-28T07:28:29Z,5m22.641605113s
2024-08-28T07:33:52Z,0,0,2,2024-08-28T07:28:29Z,5m22.702024228s
2024-08-28T07:33:52Z,0,0,2,2024-08-28T07:28:29Z,5m22.76249333s
2024-08-28T07:33:52Z,0,0,2,2024-08-28T07:28:29Z,5m22.802721426s
2024-08-28T07:33:52Z,0,0,2,2024-08-28T07:28:29Z,5m22.822856821s
2024-08-28T07:33:52Z,0,0,2,2024-08-28T07:28:29Z,5m22.823326351s
2024-08-28T07:33:52Z,0,0,2,2024-08-28T07:28:29Z,5m22.855065635s
2024-08-28T07:33:53Z,1,12,0,,
2024-08-28T07:33:53Z,1,12,0,,
2024-08-28T07:33:53Z,0,12,0,,
2024-08-28T07:33:53Z,0,12,0,,
2024-08-28T07:33:53Z,1,12,0,,
2024-08-28T07:33:53Z,0,12,0,,
2024-08-28T07:33:53Z,1,12,0,,
2024-08-28T07:33:53Z,0,12,0,,
2024-08-28T07:33:53Z,1,12,0,,
2024-08-28T07:33:53Z,0,12,0,,
2024-08-28T07:33:57Z,0,0,3,2024-08-28T07:29:00Z,4m56.661129113s
2024-08-28T07:33:57Z,0,0,3,2024-08-28T07:29:00Z,4m56.661518569s
2024-08-28T07:33:57Z,0,0,3,2024-08-28T07:29:00Z,4m56.661842717s
2024-08-28T07:33:57Z,0,0,3,2024-08-28T07:29:00Z,4m56.66219862s
2024-08-28T07:33:57Z,0,0,3,2024-08-28T07:29:00Z,4m56.662537655s
2024-08-28T07:33:57Z,0,0,3,2024-08-28T07:29:00Z,4m56.662875592s
2024-08-28T07:33:57Z,0,0,3,2024-08-28T07:29:00Z,4m56.680760571s
2024-08-28T07:33:57Z,0,0,3,2024-08-28T07:29:00Z,4m56.681093069s
2024-08-28T07:33:57Z,0,0,3,2024-08-28T07:29:00Z,4m56.681420754s
2024-08-28T07:33:57Z,0,0,3,2024-08-28T07:29:00Z,4m56.681754349s
2024-08-28T07:34:03Z,1,13,0,,
2024-08-28T07:34:03Z,1,13,0,,
2024-08-28T07:34:03Z,1,13,0,,
2024-08-28T07:34:03Z,1,13,0,,
2024-08-28T07:34:03Z,1,13,0,,
2024-08-28T07:34:03Z,0,13,0,,
2024-08-28T07:34:03Z,0,13,0,,
2024-08-28T07:34:03Z,1,13,0,,
2024-08-28T07:34:03Z,0,13,0,,
2024-08-28T07:34:03Z,0,13,0,,
2024-08-28T07:34:10Z,0,0,4,2024-08-28T07:29:44Z,4m26.303176352s
2024-08-28T07:34:10Z,0,0,4,2024-08-28T07:29:44Z,4m26.383620361s
2024-08-28T07:34:10Z,0,0,4,2024-08-28T07:29:44Z,4m26.384135264s
2024-08-28T07:34:10Z,0,0,4,2024-08-28T07:29:44Z,4m26.444750801s
2024-08-28T07:34:10Z,0,0,4,2024-08-28T07:29:44Z,4m26.484920591s
2024-08-28T07:34:10Z,0,0,4,2024-08-28T07:29:44Z,4m26.524922349s
2024-08-28T07:34:10Z,0,0,4,2024-08-28T07:29:44Z,4m26.545251058s
2024-08-28T07:34:10Z,0,0,4,2024-08-28T07:29:44Z,4m26.545801322s
2024-08-28T07:34:10Z,0,0,4,2024-08-28T07:29:44Z,4m26.546438738s
2024-08-28T07:34:10Z,0,0,4,2024-08-28T07:29:44Z,4m26.574521399s
2024-08-28T07:34:13Z,1,14,0,,
2024-08-28T07:34:13Z,1,14,0,,
2024-08-28T07:34:13Z,1,14,0,,
2024-08-28T07:34:13Z,0,14,0,,
2024-08-28T07:34:13Z,0,14,0,,
2024-08-28T07:34:13Z,1,14,0,,
2024-08-28T07:34:13Z,1,14,0,,
2024-08-28T07:34:13Z,0,14,0,,
2024-08-28T07:34:13Z,0,14,0,,
2024-08-28T07:34:13Z,1,14,0,,
2024-08-28T07:34:22Z,0,0,5,2024-08-28T07:30:54Z,3m27.703664481s
2024-08-28T07:34:22Z,0,0,5,2024-08-28T07:30:54Z,3m27.704060365s
2024-08-28T07:34:22Z,0,0,5,2024-08-28T07:30:54Z,3m27.704385385s
2024-08-28T07:34:22Z,0,0,5,2024-08-28T07:30:54Z,3m27.704762556s
2024-08-28T07:34:22Z,0,0,5,2024-08-28T07:30:54Z,3m27.705106718s
2024-08-28T07:34:22Z,0,0,5,2024-08-28T07:30:54Z,3m27.705443123s
2024-08-28T07:34:22Z,0,0,5,2024-08-28T07:30:54Z,3m27.7057827s
2024-08-28T07:34:22Z,0,0,5,2024-08-28T07:30:54Z,3m27.72348127s
2024-08-28T07:34:22Z,0,0,5,2024-08-28T07:30:54Z,3m27.723822709s
2024-08-28T07:34:22Z,0,0,5,2024-08-28T07:30:54Z,3m27.724144766s
2024-08-28T07:34:23Z,1,15,0,,
2024-08-28T07:34:23Z,1,15,0,,
2024-08-28T07:34:23Z,1,15,0,,
2024-08-28T07:34:23Z,1,15,0,,
2024-08-28T07:34:23Z,0,15,0,,
2024-08-28T07:34:23Z,1,15,0,,
2024-08-28T07:34:23Z,0,15,0,,
2024-08-28T07:34:23Z,0,15,0,,
2024-08-28T07:34:23Z,1,15,0,,
2024-08-28T07:34:23Z,1,15,0,,
2024-08-28T07:34:33Z,1,15,0,,
2024-08-28T07:34:33Z,1,15,0,,
2024-08-28T07:34:33Z,1,15,0,,
2024-08-28T07:34:33Z,0,15,0,,
2024-08-28T07:34:33Z,1,15,0,,
2024-08-28T07:34:33Z,0,15,0,,
2024-08-28T07:34:33Z,1,15,0,,
2024-08-28T07:34:33Z,1,15,0,,
2024-08-28T07:34:33Z,1,15,0,,
2024-08-28T07:34:33Z,1,15,0,,
2024-08-28T07:34:43Z,1,15,0,,
2024-08-28T07:34:43Z,0,15,0,,
2024-08-28T07:34:43Z,0,15,0,,
2024-08-28T07:34:43Z,1,15,0,,
2024-08-28T07:34:43Z,0,15,0,,
2024-08-28T07:34:43Z,0,15,0,,
2024-08-28T07:34:43Z,0,15,0,,
2024-08-28T07:34:43Z,0,15,0,,
2024-08-28T07:34:43Z,0,15,0,,
2024-08-28T07:34:43Z,0,15,0,,
2024-08-28T07:34:53Z,1,15,0,,
2024-08-28T07:34:53Z,0,15,0,,
2024-08-28T07:34:53Z,1,15,0,,
2024-08-28T07:34:53Z,0,15,0,,
2024-08-28T07:34:53Z,0,15,0,,
2024-08-28T07:34:53Z,1,15,0,,
2024-08-28T07:34:53Z,0,15,0,,
2024-08-28T07:34:53Z,1,15,0,,
2024-08-28T07:34:53Z,1,15,0,,
2024-08-28T07:34:53Z,1,15,0,,
2024-08-28T07:35:03Z,1,15,0,,
2024-08-28T07:35:03Z,1,15,0,,
2024-08-28T07:35:03Z,1,15,0,,
2024-08-28T07:35:03Z,1,15,0,,
2024-08-28T07:35:03Z,0,15,0,,
2024-08-28T07:35:03Z,0,15,0,,
2024-08-28T07:35:03Z,1,15,0,,
2024-08-28T07:35:03Z,1,15,0,,
2024-08-28T07:35:03Z,1,15,0,,
2024-08-28T07:35:03Z,1,15,0,,
2024-08-28T07:35:13Z,1,15,0,,
2024-08-28T07:35:13Z,0,15,0,,
2024-08-28T07:35:13Z,0,15,0,,
2024-08-28T07:35:13Z,1,15,0,,
2024-08-28T07:35:13Z,0,15,0,,
2024-08-28T07:35:13Z,1,15,0,,
2024-08-28T07:35:13Z,0,15,0,,
2024-08-28T07:35:13Z,0,15,0,,
2024-08-28T07:35:13Z,0,15,0,,
2024-08-28T07:35:13Z,0,15,0,,
2024-08-28T07:35:23Z,0,15,0,,
2024-08-28T07:35:23Z,1,15,0,,
2024-08-28T07:35:23Z,1,15,0,,
2024-08-28T07:35:23Z,1,15,0,,
2024-08-28T07:35:23Z,1,15,0,,
2024-08-28T07:35:23Z,1,15,0,,
2024-08-28T07:35:23Z,0,15,0,,
2024-08-28T07:35:23Z,1,15,0,,
2024-08-28T07:35:23Z,1,15,0,,
2024-08-28T07:35:23Z,0,15,0,,
2024-08-28T07:35:33Z,1,15,0,,
2024-08-28T07:35:33Z,0,15,0,,
2024-08-28T07:35:33Z,0,15,0,,
2024-08-28T07:35:33Z,0,15,0,,
2024-08-28T07:35:33Z,0,15,0,,
2024-08-28T07:35:33Z,0,15,0,,
2024-08-28T07:35:33Z,0,15,0,,
2024-08-28T07:35:33Z,0,15,0,,
2024-08-28T07:35:33Z,1,15,0,,
2024-08-28T07:35:33Z,0,15,0,,
2024-08-28T07:35:43Z,0,15,0,,
2024-08-28T07:35:43Z,1,15,0,,
2024-08-28T07:35:43Z,1,15,0,,
2024-08-28T07:35:43Z,1,15,0,,
2024-08-28T07:35:43Z,1,15,0,,
2024-08-28T07:35:43Z,1,15,0,,
2024-08-28T07:35:43Z,1,15,0,,
2024-08-28T07:35:43Z,1,15,0,,
2024-08-28T07:35:43Z,1,15,0,,
2024-08-28T07:35:43Z,1,15,0,,
2024-08-28T07:35:48Z,0,0,6,2024-08-28T07:31:26Z,4m21.852046134s
2024-08-28T07:35:48Z,0,0,6,2024-08-28T07:31:26Z,4m21.852431453s
2024-08-28T07:35:48Z,0,0,6,2024-08-28T07:31:26Z,4m21.852747008s
2024-08-28T07:35:48Z,0,0,6,2024-08-28T07:31:26Z,4m21.853096222s
2024-08-28T07:35:48Z,0,0,6,2024-08-28T07:31:26Z,4m21.853437487s
2024-08-28T07:35:48Z,0,0,6,2024-08-28T07:31:26Z,4m21.853772755s
2024-08-28T07:35:48Z,0,0,6,2024-08-28T07:31:26Z,4m21.854112958s
2024-08-28T07:35:48Z,0,0,6,2024-08-28T07:31:26Z,4m21.854445664s
2024-08-28T07:35:48Z,0,0,6,2024-08-28T07:31:26Z,4m21.854791987s
2024-08-28T07:35:48Z,0,0,6,2024-08-28T07:31:26Z,4m21.855154018s
2024-08-28T07:35:53Z,1,16,0,,
2024-08-28T07:35:53Z,0,16,0,,
2024-08-28T07:35:53Z,0,16,0,,
2024-08-28T07:35:53Z,1,16,0,,
2024-08-28T07:35:53Z,0,16,0,,
2024-08-28T07:35:53Z,0,16,0,,
2024-08-28T07:35:53Z,0,16,0,,
2024-08-28T07:35:53Z,0,16,0,,
2024-08-28T07:35:53Z,0,16,0,,
2024-08-28T07:35:53Z,0,16,0,,
2024-08-28T07:36:03Z,0,16,0,,
2024-08-28T07:36:03Z,0,16,0,,
2024-08-28T07:36:03Z,1,16,0,,
2024-08-28T07:36:03Z,1,16,0,,
2024-08-28T07:36:03Z,1,16,0,,
2024-08-28T07:36:03Z,1,16,0,,
2024-08-28T07:36:03Z,1,16,0,,
2024-08-28T07:36:03Z,1,16,0,,
2024-08-28T07:36:03Z,1,16,0,,
2024-08-28T07:36:03Z,1,16,0,,
2024-08-28T07:36:13Z,1,16,0,,
2024-08-28T07:36:13Z,0,16,0,,
2024-08-28T07:36:13Z,0,16,0,,
2024-08-28T07:36:13Z,0,16,0,,
2024-08-28T07:36:13Z,0,16,0,,
2024-08-28T07:36:13Z,0,16,0,,
2024-08-28T07:36:13Z,1,16,0,,
2024-08-28T07:36:13Z,0,16,0,,
2024-08-28T07:36:13Z,0,16,0,,
2024-08-28T07:36:13Z,0,16,0,,
2024-08-28T07:36:23Z,0,16,0,,
2024-08-28T07:36:23Z,0,16,0,,
2024-08-28T07:36:23Z,1,16,0,,
2024-08-28T07:36:23Z,1,16,0,,
2024-08-28T07:36:23Z,1,16,0,,
2024-08-28T07:36:23Z,1,16,0,,
2024-08-28T07:36:23Z,0,16,0,,
2024-08-28T07:36:23Z,1,16,0,,
2024-08-28T07:36:23Z,1,16,0,,
2024-08-28T07:36:23Z,1,16,0,,
2024-08-28T07:36:23Z,0,0,7,2024-08-28T07:31:39Z,4m44.115119023s
2024-08-28T07:36:23Z,0,0,7,2024-08-28T07:31:39Z,4m44.115505602s
2024-08-28T07:36:23Z,0,0,7,2024-08-28T07:31:39Z,4m44.115819546s
2024-08-28T07:36:23Z,0,0,7,2024-08-28T07:31:39Z,4m44.116156837s
2024-08-28T07:36:23Z,0,0,7,2024-08-28T07:31:39Z,4m44.116496689s
2024-08-28T07:36:23Z,0,0,7,2024-08-28T07:31:39Z,4m44.116837623s
2024-08-28T07:36:23Z,0,0,7,2024-08-28T07:31:39Z,4m44.117190121s
2024-08-28T07:36:23Z,0,0,7,2024-08-28T07:31:39Z,4m44.117516929s
2024-08-28T07:36:23Z,0,0,7,2024-08-28T07:31:39Z,4m44.117842986s
2024-08-28T07:36:23Z,0,0,7,2024-08-28T07:31:39Z,4m44.118184238s
2024-08-28T07:36:28Z,0,0,8,2024-08-28T07:31:41Z,4m47.012824017s
2024-08-28T07:36:28Z,0,0,8,2024-08-28T07:31:41Z,4m47.013221855s
2024-08-28T07:36:28Z,0,0,8,2024-08-28T07:31:41Z,4m47.013557598s
2024-08-28T07:36:28Z,0,0,8,2024-08-28T07:31:41Z,4m47.032638271s
2024-08-28T07:36:28Z,0,0,8,2024-08-28T07:31:41Z,4m47.033006746s
2024-08-28T07:36:28Z,0,0,8,2024-08-28T07:31:41Z,4m47.033332483s
2024-08-28T07:36:28Z,0,0,8,2024-08-28T07:31:41Z,4m47.033674461s
2024-08-28T07:36:28Z,0,0,8,2024-08-28T07:31:41Z,4m47.034024466s
2024-08-28T07:36:28Z,0,0,8,2024-08-28T07:31:41Z,4m47.034378151s
2024-08-28T07:36:28Z,0,0,8,2024-08-28T07:31:41Z,4m47.034710358s
2024-08-28T07:36:33Z,0,18,0,,
2024-08-28T07:36:33Z,0,18,0,,
2024-08-28T07:36:33Z,0,18,0,,
2024-08-28T07:36:33Z,1,18,0,,
2024-08-28T07:36:33Z,0,18,0,,
2024-08-28T07:36:33Z,1,18,0,,
2024-08-28T07:36:33Z,0,18,0,,
2024-08-28T07:36:33Z,0,18,0,,
2024-08-28T07:36:33Z,0,18,0,,
2024-08-28T07:36:33Z,0,18,0,,
2024-08-28T07:36:43Z,0,18,0,,
2024-08-28T07:36:43Z,0,18,0,,
2024-08-28T07:36:43Z,1,18,0,,
2024-08-28T07:36:43Z,1,18,0,,
2024-08-28T07:36:43Z,1,18,0,,
2024-08-28T07:36:43Z,1,18,0,,
2024-08-28T07:36:43Z,0,18,0,,
2024-08-28T07:36:43Z,1,18,0,,
2024-08-28T07:36:43Z,0,18,0,,
2024-08-28T07:36:43Z,1,18,0,,
2024-08-28T07:36:53Z,1,18,0,,
2024-08-28T07:36:53Z,1,18,0,,
2024-08-28T07:36:53Z,1,18,0,,
2024-08-28T07:36:53Z,0,18,0,,
2024-08-28T07:36:53Z,0,18,0,,
2024-08-28T07:36:53Z,0,18,0,,
2024-08-28T07:36:53Z,1,18,0,,
2024-08-28T07:36:53Z,0,18,0,,
2024-08-28T07:36:53Z,0,18,0,,
2024-08-28T07:36:53Z,1,18,0,,
2024-08-28T07:36:59Z,0,0,9,2024-08-28T07:32:01Z,4m57.350561163s
2024-08-28T07:36:59Z,0,0,9,2024-08-28T07:32:01Z,4m57.350959765s
2024-08-28T07:36:59Z,0,0,9,2024-08-28T07:32:01Z,4m57.351283971s
2024-08-28T07:36:59Z,0,0,9,2024-08-28T07:32:01Z,4m57.351623009s
2024-08-28T07:36:59Z,0,0,9,2024-08-28T07:32:01Z,4m57.351982212s
2024-08-28T07:36:59Z,0,0,9,2024-08-28T07:32:01Z,4m57.352309736s
2024-08-28T07:36:59Z,0,0,9,2024-08-28T07:32:01Z,4m57.352646385s
2024-08-28T07:36:59Z,0,0,9,2024-08-28T07:32:01Z,4m57.353007756s
2024-08-28T07:36:59Z,0,0,9,2024-08-28T07:32:01Z,4m57.353331124s
2024-08-28T07:36:59Z,0,0,9,2024-08-28T07:32:01Z,4m57.353672508s
2024-08-28T07:37:03Z,0,19,0,,
2024-08-28T07:37:03Z,1,19,0,,
2024-08-28T07:37:03Z,0,19,0,,
2024-08-28T07:37:03Z,0,19,0,,
2024-08-28T07:37:03Z,1,19,0,,
2024-08-28T07:37:03Z,1,19,0,,
2024-08-28T07:37:03Z,1,19,0,,
2024-08-28T07:37:03Z,1,19,0,,
2024-08-28T07:37:03Z,1,19,0,,
2024-08-28T07:37:03Z,0,19,0,,
2024-08-28T07:37:13Z,1,19,0,,
2024-08-28T07:37:13Z,1,19,0,,
2024-08-28T07:37:13Z,0,19,0,,
2024-08-28T07:37:13Z,0,19,0,,
2024-08-28T07:37:13Z,0,19,0,,
2024-08-28T07:37:13Z,0,19,0,,
2024-08-28T07:37:13Z,0,19,0,,
2024-08-28T07:37:13Z,0,19,0,,
2024-08-28T07:37:13Z,0,19,0,,
2024-08-28T07:37:13Z,1,19,0,,
2024-08-28T07:37:20Z,0,0,10,2024-08-28T07:33:04Z,4m15.903258866s
2024-08-28T07:37:20Z,0,0,10,2024-08-28T07:33:04Z,4m15.94326587s
2024-08-28T07:37:20Z,0,0,10,2024-08-28T07:33:04Z,4m15.963568362s
2024-08-28T07:37:20Z,0,0,10,2024-08-28T07:33:04Z,4m15.964159303s
2024-08-28T07:37:20Z,0,0,10,2024-08-28T07:33:04Z,4m15.983508143s
2024-08-28T07:37:20Z,0,0,10,2024-08-28T07:33:04Z,4m16.004042557s
2024-08-28T07:37:20Z,0,0,10,2024-08-28T07:33:04Z,4m16.023831007s
2024-08-28T07:37:20Z,0,0,10,2024-08-28T07:33:04Z,4m16.04397939s
2024-08-28T07:37:20Z,0,0,10,2024-08-28T07:33:04Z,4m16.064141431s
2024-08-28T07:37:20Z,0,0,10,2024-08-28T07:33:04Z,4m16.076654868s
2024-08-28T07:37:23Z,0,20,0,,
2024-08-28T07:37:23Z,0,20,0,,
2024-08-28T07:37:23Z,0,20,0,,
2024-08-28T07:37:23Z,1,20,0,,
2024-08-28T07:37:23Z,1,20,0,,
2024-08-28T07:37:23Z,0,20,0,,
2024-08-28T07:37:23Z,0,20,0,,
2024-08-28T07:37:23Z,1,20,0,,
2024-08-28T07:37:23Z,1,20,0,,
2024-08-28T07:37:23Z,0,20,0,,
2024-08-28T07:37:33Z,0,20,0,,
2024-08-28T07:37:33Z,0,20,0,,
2024-08-28T07:37:33Z,1,20,0,,
2024-08-28T07:37:33Z,0,20,0,,
2024-08-28T07:37:33Z,0,20,0,,
2024-08-28T07:37:33Z,0,20,0,,
2024-08-28T07:37:33Z,0,20,0,,
2024-08-28T07:37:33Z,0,20,0,,
2024-08-28T07:37:33Z,0,20,0,,
2024-08-28T07:37:33Z,1,20,0,,
2024-08-28T07:37:43Z,0,20,0,,
2024-08-28T07:37:43Z,1,20,0,,
2024-08-28T07:37:43Z,0,20,0,,
2024-08-28T07:37:43Z,1,20,0,,
2024-08-28T07:37:43Z,0,20,0,,
2024-08-28T07:37:43Z,1,20,0,,
2024-08-28T07:37:43Z,1,20,0,,
2024-08-28T07:37:43Z,1,20,0,,
2024-08-28T07:37:43Z,1,20,0,,
2024-08-28T07:37:43Z,1,20,0,,
2024-08-28T07:37:53Z,1,20,0,,
2024-08-28T07:37:53Z,1,20,0,,
2024-08-28T07:37:53Z,1,20,0,,
2024-08-28T07:37:53Z,0,20,0,,
2024-08-28T07:37:53Z,0,20,0,,
2024-08-28T07:37:53Z,0,20,0,,
2024-08-28T07:37:53Z,0,20,0,,
2024-08-28T07:37:53Z,1,20,0,,
2024-08-28T07:37:53Z,0,20,0,,
2024-08-28T07:37:53Z,0,20,0,,
2024-08-28T07:38:03Z,0,20,0,,
2024-08-28T07:38:03Z,0,20,0,,
2024-08-28T07:38:03Z,0,20,0,,
2024-08-28T07:38:03Z,1,20,0,,
2024-08-28T07:38:03Z,0,20,0,,
2024-08-28T07:38:03Z,1,20,0,,
2024-08-28T07:38:03Z,1,20,0,,
2024-08-28T07:38:03Z,0,20,0,,
2024-08-28T07:38:03Z,1,20,0,,
2024-08-28T07:38:03Z,1,20,0,,
2024-08-28T07:38:13Z,1,20,0,,
2024-08-28T07:38:13Z,1,20,0,,
2024-08-28T07:38:13Z,1,20,0,,
2024-08-28T07:38:13Z,0,20,0,,
2024-08-28T07:38:13Z,0,20,0,,
2024-08-28T07:38:13Z,1,20,0,,
2024-08-28T07:38:13Z,0,20,0,,
2024-08-28T07:38:13Z,1,20,0,,
2024-08-28T07:38:13Z,0,20,0,,
2024-08-28T07:38:13Z,0,20,0,,
2024-08-28T07:38:21Z,0,0,11,2024-08-28T07:33:29Z,4m51.847270634s
2024-08-28T07:38:21Z,0,0,11,2024-08-28T07:33:29Z,4m51.847885423s
2024-08-28T07:38:21Z,0,0,11,2024-08-28T07:33:29Z,4m51.848279601s
2024-08-28T07:38:21Z,0,0,11,2024-08-28T07:33:29Z,4m51.848624965s
2024-08-28T07:38:21Z,0,0,11,2024-08-28T07:33:29Z,4m51.849068774s
2024-08-28T07:38:21Z,0,0,11,2024-08-28T07:33:29Z,4m51.849420688s
2024-08-28T07:38:21Z,0,0,11,2024-08-28T07:33:29Z,4m51.849755155s
2024-08-28T07:38:21Z,0,0,11,2024-08-28T07:33:29Z,4m51.850089435s
2024-08-28T07:38:21Z,0,0,11,2024-08-28T07:33:29Z,4m51.850434139s
2024-08-28T07:38:21Z,0,0,11,2024-08-28T07:33:29Z,4m51.850781162s
2024-08-28T07:38:23Z,0,21,0,,
2024-08-28T07:38:23Z,0,21,0,,
2024-08-28T07:38:23Z,0,21,0,,
2024-08-28T07:38:23Z,1,21,0,,
2024-08-28T07:38:23Z,0,21,0,,
2024-08-28T07:38:23Z,1,21,0,,
2024-08-28T07:38:23Z,1,21,0,,
2024-08-28T07:38:23Z,1,21,0,,
2024-08-28T07:38:23Z,1,21,0,,
2024-08-28T07:38:23Z,1,21,0,,
2024-08-28T07:38:33Z,1,21,0,,
2024-08-28T07:38:33Z,1,21,0,,
2024-08-28T07:38:33Z,1,21,0,,
2024-08-28T07:38:33Z,0,21,0,,
2024-08-28T07:38:33Z,1,21,0,,
2024-08-28T07:38:33Z,0,21,0,,
2024-08-28T07:38:33Z,0,21,0,,
2024-08-28T07:38:33Z,1,21,0,,
2024-08-28T07:38:33Z,1,21,0,,
2024-08-28T07:38:33Z,1,21,0,,
2024-08-28T07:38:43Z,0,21,0,,
2024-08-28T07:38:43Z,0,21,0,,
2024-08-28T07:38:43Z,0,21,0,,
2024-08-28T07:38:43Z,0,21,0,,
2024-08-28T07:38:43Z,0,21,0,,
2024-08-28T07:38:43Z,1,21,0,,
2024-08-28T07:38:43Z,1,21,0,,
2024-08-28T07:38:43Z,1,21,0,,
2024-08-28T07:38:43Z,1,21,0,,
2024-08-28T07:38:43Z,1,21,0,,
2024-08-28T07:38:51Z,0,0,12,2024-08-28T07:33:53Z,4m57.577377603s
2024-08-28T07:38:51Z,0,0,12,2024-08-28T07:33:53Z,4m57.59759275s
2024-08-28T07:38:51Z,0,0,12,2024-08-28T07:33:53Z,4m57.637612769s
2024-08-28T07:38:51Z,0,0,12,2024-08-28T07:33:53Z,4m57.638100754s
2024-08-28T07:38:51Z,0,0,12,2024-08-28T07:33:53Z,4m57.658108731s
2024-08-28T07:38:51Z,0,0,12,2024-08-28T07:33:53Z,4m57.678076665s
2024-08-28T07:38:51Z,0,0,12,2024-08-28T07:33:53Z,4m57.678623898s
2024-08-28T07:38:51Z,0,0,12,2024-08-28T07:33:53Z,4m57.679228712s
2024-08-28T07:38:51Z,0,0,12,2024-08-28T07:33:53Z,4m57.679897744s
2024-08-28T07:38:51Z,0,0,12,2024-08-28T07:33:53Z,4m57.693015224s
2024-08-28T07:38:53Z,1,22,0,,
2024-08-28T07:38:53Z,1,22,0,,
2024-08-28T07:38:53Z,0,22,0,,
2024-08-28T07:38:53Z,0,22,0,,
2024-08-28T07:38:53Z,0,22,0,,
2024-08-28T07:38:53Z,0,22,0,,
2024-08-28T07:38:53Z,0,22,0,,
2024-08-28T07:38:53Z,1,22,0,,
2024-08-28T07:38:53Z,0,22,0,,
2024-08-28T07:38:53Z,0,22,0,,
2024-08-28T07:39:03Z,0,22,0,,
2024-08-28T07:39:03Z,0,22,0,,
2024-08-28T07:39:03Z,0,22,0,,
2024-08-28T07:39:03Z,0,22,0,,
2024-08-28T07:39:03Z,0,22,0,,
2024-08-28T07:39:03Z,1,22,0,,
2024-08-28T07:39:03Z,1,22,0,,
2024-08-28T07:39:03Z,1,22,0,,
2024-08-28T07:39:03Z,1,22,0,,
2024-08-28T07:39:03Z,0,22,0,,
2024-08-28T07:39:13Z,0,22,0,,
2024-08-28T07:39:13Z,1,22,0,,
2024-08-28T07:39:13Z,0,22,0,,
2024-08-28T07:39:13Z,1,22,0,,
2024-08-28T07:39:13Z,1,22,0,,
2024-08-28T07:39:13Z,1,22,0,,
2024-08-28T07:39:13Z,1,22,0,,
2024-08-28T07:39:13Z,0,22,0,,
2024-08-28T07:39:13Z,0,22,0,,
2024-08-28T07:39:13Z,0,22,0,,
2024-08-28T07:39:23Z,0,22,0,,
2024-08-28T07:39:23Z,0,22,0,,
2024-08-28T07:39:23Z,0,22,0,,
2024-08-28T07:39:23Z,0,22,0,,
2024-08-28T07:39:23Z,0,22,0,,
2024-08-28T07:39:23Z,1,22,0,,
2024-08-28T07:39:23Z,0,22,0,,
2024-08-28T07:39:23Z,0,22,0,,
2024-08-28T07:39:23Z,1,22,0,,
2024-08-28T07:39:23Z,1,22,0,,
2024-08-28T07:39:33Z,1,22,0,,
2024-08-28T07:39:33Z,1,22,0,,
2024-08-28T07:39:33Z,1,22,0,,
2024-08-28T07:39:33Z,1,22,0,,
2024-08-28T07:39:33Z,1,22,0,,
2024-08-28T07:39:33Z,0,22,0,,
2024-08-28T07:39:33Z,0,22,0,,
2024-08-28T07:39:33Z,1,22,0,,
2024-08-28T07:39:33Z,0,22,0,,
2024-08-28T07:39:33Z,0,22,0,,
2024-08-28T07:39:43Z,0,22,0,,
2024-08-28T07:39:43Z,0,22,0,,
2024-08-28T07:39:43Z,1,22,0,,
2024-08-28T07:39:43Z,0,22,0,,
2024-08-28T07:39:43Z,0,22,0,,
2024-08-28T07:39:43Z,1,22,0,,
2024-08-28T07:39:43Z,1,22,0,,
2024-08-28T07:39:43Z,1,22,0,,
2024-08-28T07:39:43Z,0,22,0,,
2024-08-28T07:39:43Z,1,22,0,,
2024-08-28T07:39:53Z,1,22,0,,
2024-08-28T07:39:53Z,0,22,0,,
2024-08-28T07:39:53Z,1,22,0,,
2024-08-28T07:39:53Z,0,22,0,,
2024-08-28T07:39:53Z,1,22,0,,
2024-08-28T07:39:53Z,1,22,0,,
2024-08-28T07:39:53Z,0,22,0,,
2024-08-28T07:39:53Z,0,22,0,,
2024-08-28T07:39:53Z,0,22,0,,
2024-08-28T07:39:53Z,0,22,0,,
2024-08-28T07:40:03Z,1,22,0,,
2024-08-28T07:40:03Z,0,22,0,,
2024-08-28T07:40:03Z,1,22,0,,
2024-08-28T07:40:03Z,0,22,0,,
2024-08-28T07:40:03Z,0,22,0,,
2024-08-28T07:40:03Z,1,22,0,,
2024-08-28T07:40:03Z,1,22,0,,
2024-08-28T07:40:03Z,1,22,0,,
2024-08-28T07:40:03Z,1,22,0,,
2024-08-28T07:40:03Z,1,22,0,,
2024-08-28T07:40:04Z,0,0,13,2024-08-28T07:33:58Z,6m6.186375456s
2024-08-28T07:40:04Z,0,0,13,2024-08-28T07:33:58Z,6m6.348279794s
2024-08-28T07:40:04Z,0,0,13,2024-08-28T07:33:58Z,6m6.468873028s
2024-08-28T07:40:05Z,0,0,13,2024-08-28T07:33:58Z,6m6.569388871s
2024-08-28T07:40:05Z,0,0,13,2024-08-28T07:33:58Z,6m6.670078616s
2024-08-28T07:40:05Z,0,0,13,2024-08-28T07:33:58Z,6m6.750722767s
2024-08-28T07:40:05Z,0,0,13,2024-08-28T07:33:58Z,6m6.831533348s
2024-08-28T07:40:05Z,0,0,13,2024-08-28T07:33:58Z,6m6.8716193s
2024-08-28T07:40:05Z,0,0,13,2024-08-28T07:33:58Z,6m6.892034308s
2024-08-28T07:40:05Z,0,0,13,2024-08-28T07:33:58Z,6m6.905804028s
2024-08-28T07:40:13Z,1,23,0,,
2024-08-28T07:40:13Z,1,23,0,,
2024-08-28T07:40:13Z,1,23,0,,
2024-08-28T07:40:13Z,1,23,0,,
2024-08-28T07:40:13Z,1,23,0,,
2024-08-28T07:40:13Z,0,23,0,,
2024-08-28T07:40:13Z,0,23,0,,
2024-08-28T07:40:13Z,0,23,0,,
2024-08-28T07:40:13Z,0,23,0,,
2024-08-28T07:40:13Z,0,23,0,,
2024-08-28T07:40:23Z,0,23,0,,
2024-08-28T07:40:23Z,0,23,0,,
2024-08-28T07:40:23Z,0,23,0,,
2024-08-28T07:40:23Z,0,23,0,,
2024-08-28T07:40:23Z,0,23,0,,
2024-08-28T07:40:23Z,0,23,0,,
2024-08-28T07:40:23Z,1,23,0,,
2024-08-28T07:40:23Z,1,23,0,,
2024-08-28T07:40:23Z,0,23,0,,
2024-08-28T07:40:23Z,1,23,0,,
2024-08-28T07:40:30Z,0,0,14,2024-08-28T07:34:11Z,6m18.336843293s
2024-08-28T07:40:30Z,0,0,14,2024-08-28T07:34:11Z,6m18.33725353s
2024-08-28T07:40:30Z,0,0,14,2024-08-28T07:34:11Z,6m18.337577435s
2024-08-28T07:40:30Z,0,0,14,2024-08-28T07:34:11Z,6m18.337920245s
2024-08-28T07:40:30Z,0,0,14,2024-08-28T07:34:11Z,6m18.417071917s
2024-08-28T07:40:30Z,0,0,14,2024-08-28T07:34:11Z,6m18.43721813s
2024-08-28T07:40:30Z,0,0,14,2024-08-28T07:34:11Z,6m18.437620549s
2024-08-28T07:40:30Z,0,0,14,2024-08-28T07:34:11Z,6m18.437944798s
2024-08-28T07:40:30Z,0,0,14,2024-08-28T07:34:11Z,6m18.438298253s
2024-08-28T07:40:30Z,0,0,14,2024-08-28T07:34:11Z,6m18.438645979s
2024-08-28T07:40:33Z,1,24,0,,
2024-08-28T07:40:33Z,1,24,0,,
2024-08-28T07:40:33Z,1,24,0,,
2024-08-28T07:40:33Z,0,24,0,,
2024-08-28T07:40:33Z,1,24,0,,
2024-08-28T07:40:33Z,1,24,0,,
2024-08-28T07:40:33Z,0,24,0,,
2024-08-28T07:40:33Z,1,24,0,,
2024-08-28T07:40:33Z,1,24,0,,
2024-08-28T07:40:33Z,0,24,0,,
2024-08-28T07:40:41Z,0,0,15,2024-08-28T07:34:22Z,6m19.053786048s
2024-08-28T07:40:41Z,0,0,15,2024-08-28T07:34:22Z,6m19.054175299s
2024-08-28T07:40:42Z,0,0,15,2024-08-28T07:34:22Z,6m19.154993185s
2024-08-28T07:40:42Z,0,0,15,2024-08-28T07:34:22Z,6m19.255242119s
2024-08-28T07:40:42Z,0,0,15,2024-08-28T07:34:22Z,6m19.336114164s
2024-08-28T07:40:42Z,0,0,15,2024-08-28T07:34:22Z,6m19.396770912s
2024-08-28T07:40:42Z,0,0,15,2024-08-28T07:34:22Z,6m19.456941275s
2024-08-28T07:40:42Z,0,0,15,2024-08-28T07:34:22Z,6m19.457527156s
2024-08-28T07:40:42Z,0,0,15,2024-08-28T07:34:22Z,6m19.476725809s
2024-08-28T07:40:42Z,0,0,15,2024-08-28T07:34:22Z,6m19.489263642s
2024-08-28T07:40:43Z,0,25,0,,
2024-08-28T07:40:43Z,0,25,0,,
2024-08-28T07:40:43Z,0,25,0,,
2024-08-28T07:40:43Z,0,25,0,,
2024-08-28T07:40:43Z,0,25,0,,
2024-08-28T07:40:43Z,0,25,0,,
2024-08-28T07:40:43Z,1,25,0,,
2024-08-28T07:40:43Z,0,25,0,,
2024-08-28T07:40:43Z,1,25,0,,
2024-08-28T07:40:43Z,1,25,0,,
2024-08-28T07:40:53Z,1,25,0,,
2024-08-28T07:40:53Z,1,25,0,,
2024-08-28T07:40:53Z,0,25,0,,
2024-08-28T07:40:53Z,0,25,0,,
2024-08-28T07:40:53Z,1,25,0,,
2024-08-28T07:40:53Z,0,25,0,,
2024-08-28T07:40:53Z,0,25,0,,
2024-08-28T07:40:53Z,0,25,0,,
2024-08-28T07:40:53Z,0,25,0,,
2024-08-28T07:40:53Z,0,25,0,,
2024-08-28T07:41:03Z,0,25,0,,
2024-08-28T07:41:03Z,0,25,0,,
2024-08-28T07:41:03Z,0,25,0,,
2024-08-28T07:41:03Z,0,25,0,,
2024-08-28T07:41:03Z,0,25,0,,
2024-08-28T07:41:03Z,0,25,0,,
2024-08-28T07:41:03Z,0,25,0,,
2024-08-28T07:41:03Z,1,25,0,,
2024-08-28T07:41:03Z,0,25,0,,
2024-08-28T07:41:03Z,1,25,0,,
2024-08-28T07:41:12Z,0,0,16,2024-08-28T07:35:49Z,5m23.493354241s
2024-08-28T07:41:12Z,0,0,16,2024-08-28T07:35:49Z,5m23.493749074s
2024-08-28T07:41:12Z,0,0,16,2024-08-28T07:35:49Z,5m23.494079203s
2024-08-28T07:41:12Z,0,0,16,2024-08-28T07:35:49Z,5m23.553799762s
2024-08-28T07:41:12Z,0,0,16,2024-08-28T07:35:49Z,5m23.554176046s
2024-08-28T07:41:12Z,0,0,16,2024-08-28T07:35:49Z,5m23.554495832s
2024-08-28T07:41:12Z,0,0,16,2024-08-28T07:35:49Z,5m23.554834591s
2024-08-28T07:41:12Z,0,0,16,2024-08-28T07:35:49Z,5m23.555192711s
2024-08-28T07:41:12Z,0,0,16,2024-08-28T07:35:49Z,5m23.555535804s
2024-08-28T07:41:12Z,0,0,16,2024-08-28T07:35:49Z,5m23.555871445s
2024-08-28T07:41:13Z,1,26,0,,
2024-08-28T07:41:13Z,1,26,0,,
2024-08-28T07:41:13Z,0,26,0,,
2024-08-28T07:41:13Z,1,26,0,,
2024-08-28T07:41:13Z,1,26,0,,
2024-08-28T07:41:13Z,0,26,0,,
2024-08-28T07:41:13Z,1,26,0,,
2024-08-28T07:41:13Z,0,26,0,,
2024-08-28T07:41:13Z,0,26,0,,
2024-08-28T07:41:13Z,0,26,0,,
2024-08-28T07:41:16Z,0,0,17,2024-08-28T07:36:24Z,4m51.825533804s
2024-08-28T07:41:16Z,0,0,17,2024-08-28T07:36:24Z,4m51.845734883s
2024-08-28T07:41:16Z,0,0,17,2024-08-28T07:36:24Z,4m51.886039668s
2024-08-28T07:41:16Z,0,0,17,2024-08-28T07:36:24Z,4m51.906191847s
2024-08-28T07:41:16Z,0,0,17,2024-08-28T07:36:24Z,4m51.926481296s
2024-08-28T07:41:16Z,0,0,17,2024-08-28T07:36:24Z,4m51.946492395s
2024-08-28T07:41:16Z,0,0,17,2024-08-28T07:36:24Z,4m51.94695477s
2024-08-28T07:41:16Z,0,0,17,2024-08-28T07:36:24Z,4m51.947375131s
2024-08-28T07:41:16Z,0,0,17,2024-08-28T07:36:24Z,4m51.947824853s
2024-08-28T07:41:16Z,0,0,17,2024-08-28T07:36:24Z,4m51.960642297s
2024-08-28T07:41:18Z,0,0,18,2024-08-28T07:36:29Z,4m48.715017635s
2024-08-28T07:41:18Z,0,0,18,2024-08-28T07:36:29Z,4m48.715634422s
2024-08-28T07:41:18Z,0,0,18,2024-08-28T07:36:29Z,4m48.716042172s
2024-08-28T07:41:18Z,0,0,18,2024-08-28T07:36:29Z,4m48.71637301s
2024-08-28T07:41:18Z,0,0,18,2024-08-28T07:36:29Z,4m48.716789579s
2024-08-28T07:41:18Z,0,0,18,2024-08-28T07:36:29Z,4m48.717119708s
2024-08-28T07:41:18Z,0,0,18,2024-08-28T07:36:29Z,4m48.717369599s
2024-08-28T07:41:18Z,0,0,18,2024-08-28T07:36:29Z,4m48.717716994s
2024-08-28T07:41:18Z,0,0,18,2024-08-28T07:36:29Z,4m48.718035201s
2024-08-28T07:41:18Z,0,0,18,2024-08-28T07:36:29Z,4m48.71837163s
2024-08-28T07:41:23Z,0,28,0,,
2024-08-28T07:41:23Z,1,28,0,,
2024-08-28T07:41:23Z,0,28,0,,
2024-08-28T07:41:23Z,0,28,0,,
2024-08-28T07:41:23Z,0,28,0,,
2024-08-28T07:41:23Z,0,28,0,,
2024-08-28T07:41:23Z,1,28,0,,
2024-08-28T07:41:23Z,1,28,0,,
2024-08-28T07:41:23Z,1,28,0,,
2024-08-28T07:41:23Z,1,28,0,,
2024-08-28T07:41:33Z,0,28,0,,
2024-08-28T07:41:33Z,1,28,0,,
2024-08-28T07:41:33Z,1,28,0,,
2024-08-28T07:41:33Z,0,28,0,,
2024-08-28T07:41:33Z,1,28,0,,
2024-08-28T07:41:33Z,1,28,0,,
2024-08-28T07:41:33Z,1,28,0,,
2024-08-28T07:41:33Z,1,28,0,,
2024-08-28T07:41:33Z,1,28,0,,
2024-08-28T07:41:33Z,0,28,0,,
2024-08-28T07:41:38Z,0,0,19,2024-08-28T07:37:00Z,4m38.238866155s
2024-08-28T07:41:38Z,0,0,19,2024-08-28T07:37:00Z,4m38.258889684s
2024-08-28T07:41:38Z,0,0,19,2024-08-28T07:37:00Z,4m38.259369597s
2024-08-28T07:41:38Z,0,0,19,2024-08-28T07:37:00Z,4m38.259846921s
2024-08-28T07:41:38Z,0,0,19,2024-08-28T07:37:00Z,4m38.260283161s
2024-08-28T07:41:38Z,0,0,19,2024-08-28T07:37:00Z,4m38.260874514s
2024-08-28T07:41:38Z,0,0,19,2024-08-28T07:37:00Z,4m38.26122414s
2024-08-28T07:41:38Z,0,0,19,2024-08-28T07:37:00Z,4m38.261547787s
2024-08-28T07:41:38Z,0,0,19,2024-08-28T07:37:00Z,4m38.261876885s
2024-08-28T07:41:38Z,0,0,19,2024-08-28T07:37:00Z,4m38.262226808s
2024-08-28T07:41:40Z,0,0,20,2024-08-28T07:37:21Z,4m18.497097794s
2024-08-28T07:41:40Z,0,0,20,2024-08-28T07:37:21Z,4m18.497479567s
2024-08-28T07:41:40Z,0,0,20,2024-08-28T07:37:21Z,4m18.497804044s
2024-08-28T07:41:40Z,0,0,20,2024-08-28T07:37:21Z,4m18.498156666s
2024-08-28T07:41:40Z,0,0,20,2024-08-28T07:37:21Z,4m18.498497086s
2024-08-28T07:41:40Z,0,0,20,2024-08-28T07:37:21Z,4m18.498901866s
2024-08-28T07:41:40Z,0,0,20,2024-08-28T07:37:21Z,4m18.499401645s
2024-08-28T07:41:40Z,0,0,20,2024-08-28T07:37:21Z,4m18.499877596s
2024-08-28T07:41:40Z,0,0,20,2024-08-28T07:37:21Z,4m18.500364836s
2024-08-28T07:41:40Z,0,0,20,2024-08-28T07:37:21Z,4m18.500792313s
2024-08-28T07:41:43Z,0,30,0,,
2024-08-28T07:41:43Z,0,30,0,,
2024-08-28T07:41:43Z,0,30,0,,
2024-08-28T07:41:43Z,0,30,0,,
2024-08-28T07:41:43Z,0,30,0,,
2024-08-28T07:41:43Z,0,30,0,,
2024-08-28T07:41:43Z,0,30,0,,
2024-08-28T07:41:43Z,1,30,0,,
2024-08-28T07:41:43Z,1,30,0,,
2024-08-28T07:41:43Z,1,30,0,,
2024-08-28T07:41:53Z,1,30,0,,
2024-08-28T07:41:53Z,0,30,0,,
2024-08-28T07:41:53Z,1,30,0,,
2024-08-28T07:41:53Z,0,30,0,,
2024-08-28T07:41:53Z,1,30,0,,
2024-08-28T07:41:53Z,1,30,0,,
2024-08-28T07:41:53Z,1,30,0,,
2024-08-28T07:41:53Z,0,30,0,,
2024-08-28T07:41:53Z,0,30,0,,
2024-08-28T07:41:53Z,1,30,0,,
2024-08-28T07:42:03Z,1,30,0,,
2024-08-28T07:42:03Z,1,30,0,,
2024-08-28T07:42:03Z,1,30,0,,
2024-08-28T07:42:03Z,1,30,0,,
2024-08-28T07:42:03Z,0,30,0,,
2024-08-28T07:42:03Z,1,30,0,,
2024-08-28T07:42:03Z,0,30,0,,
2024-08-28T07:42:03Z,1,30,0,,
2024-08-28T07:42:03Z,0,30,0,,
2024-08-28T07:42:03Z,1,30,0,,
2024-08-28T07:42:13Z,0,30,0,,
2024-08-28T07:42:13Z,1,30,0,,
2024-08-28T07:42:13Z,1,30,0,,
2024-08-28T07:42:13Z,0,30,0,,
2024-08-28T07:42:13Z,1,30,0,,
2024-08-28T07:42:13Z,0,30,0,,
2024-08-28T07:42:13Z,0,30,0,,
2024-08-28T07:42:13Z,1,30,0,,
2024-08-28T07:42:13Z,1,30,0,,
2024-08-28T07:42:13Z,1,30,0,,
2024-08-28T07:42:23Z,1,30,0,,
2024-08-28T07:42:23Z,0,30,0,,
2024-08-28T07:42:23Z,1,30,0,,
2024-08-28T07:42:23Z,0,30,0,,
2024-08-28T07:42:23Z,1,30,0,,
2024-08-28T07:42:23Z,0,30,0,,
2024-08-28T07:42:23Z,1,30,0,,
2024-08-28T07:42:23Z,1,30,0,,
2024-08-28T07:42:23Z,1,30,0,,
2024-08-28T07:42:23Z,0,30,0,,
2024-08-28T07:42:24Z,0,0,21,2024-08-28T07:38:22Z,4m1.945492419s
2024-08-28T07:42:24Z,0,0,21,2024-08-28T07:38:22Z,4m1.945877727s
2024-08-28T07:42:24Z,0,0,21,2024-08-28T07:38:22Z,4m1.946208368s
2024-08-28T07:42:24Z,0,0,21,2024-08-28T07:38:22Z,4m1.946558325s
2024-08-28T07:42:24Z,0,0,21,2024-08-28T07:38:22Z,4m1.946910613s
2024-08-28T07:42:24Z,0,0,21,2024-08-28T07:38:22Z,4m1.947242267s
2024-08-28T07:42:24Z,0,0,21,2024-08-28T07:38:22Z,4m1.947597961s
2024-08-28T07:42:24Z,0,0,21,2024-08-28T07:38:22Z,4m1.947940734s
2024-08-28T07:42:24Z,0,0,21,2024-08-28T07:38:22Z,4m1.948278037s
2024-08-28T07:42:24Z,0,0,21,2024-08-28T07:38:22Z,4m1.948621164s
2024-08-28T07:42:33Z,0,31,0,,
2024-08-28T07:42:33Z,1,31,0,,
2024-08-28T07:42:33Z,0,31,0,,
2024-08-28T07:42:33Z,1,31,0,,
2024-08-28T07:42:33Z,1,31,0,,
2024-08-28T07:42:33Z,0,31,0,,
2024-08-28T07:42:33Z,1,31,0,,
2024-08-28T07:42:33Z,1,31,0,,
2024-08-28T07:42:33Z,1,31,0,,
2024-08-28T07:42:33Z,1,31,0,,
2024-08-28T07:42:43Z,1,31,0,,
2024-08-28T07:42:43Z,1,31,0,,
2024-08-28T07:42:43Z,1,31,0,,
2024-08-28T07:42:43Z,1,31,0,,
2024-08-28T07:42:43Z,1,31,0,,
2024-08-28T07:42:43Z,0,31,0,,
2024-08-28T07:42:43Z,1,31,0,,
2024-08-28T07:42:43Z,1,31,0,,
2024-08-28T07:42:43Z,1,31,0,,
2024-08-28T07:42:43Z,1,31,0,,
2024-08-28T07:42:53Z,1,31,0,,
2024-08-28T07:42:53Z,1,31,0,,
2024-08-28T07:42:53Z,1,31,0,,
2024-08-28T07:42:53Z,0,31,0,,
2024-08-28T07:42:53Z,0,31,0,,
2024-08-28T07:42:53Z,1,31,0,,
2024-08-28T07:42:53Z,1,31,0,,
2024-08-28T07:42:53Z,0,31,0,,
2024-08-28T07:42:53Z,0,31,0,,
2024-08-28T07:42:53Z,1,31,0,,
2024-08-28T07:42:57Z,0,0,22,2024-08-28T07:38:52Z,4m5.226233185s
2024-08-28T07:42:57Z,0,0,22,2024-08-28T07:38:52Z,4m5.226625288s
2024-08-28T07:42:57Z,0,0,22,2024-08-28T07:38:52Z,4m5.227074333s
2024-08-28T07:42:57Z,0,0,22,2024-08-28T07:38:52Z,4m5.227473678s
2024-08-28T07:42:57Z,0,0,22,2024-08-28T07:38:52Z,4m5.22781012s
2024-08-28T07:42:57Z,0,0,22,2024-08-28T07:38:52Z,4m5.228152775s
2024-08-28T07:42:57Z,0,0,22,2024-08-28T07:38:52Z,4m5.228499541s
2024-08-28T07:42:57Z,0,0,22,2024-08-28T07:38:52Z,4m5.228846028s
2024-08-28T07:42:57Z,0,0,22,2024-08-28T07:38:52Z,4m5.229190823s
2024-08-28T07:42:58Z,0,0,22,2024-08-28T07:38:52Z,4m5.347207141s
2024-08-28T07:43:03Z,1,32,0,,
2024-08-28T07:43:03Z,1,32,0,,
2024-08-28T07:43:03Z,0,32,0,,
2024-08-28T07:43:03Z,0,32,0,,
2024-08-28T07:43:03Z,1,32,0,,
2024-08-28T07:43:03Z,1,32,0,,
2024-08-28T07:43:03Z,0,32,0,,
2024-08-28T07:43:03Z,0,32,0,,
2024-08-28T07:43:03Z,1,32,0,,
2024-08-28T07:43:03Z,1,32,0,,
2024-08-28T07:43:13Z,0,32,0,,
2024-08-28T07:43:13Z,1,32,0,,
2024-08-28T07:43:13Z,1,32,0,,
2024-08-28T07:43:13Z,1,32,0,,
2024-08-28T07:43:13Z,1,32,0,,
2024-08-28T07:43:13Z,0,32,0,,
2024-08-28T07:43:13Z,1,32,0,,
2024-08-28T07:43:13Z,1,32,0,,
2024-08-28T07:43:13Z,1,32,0,,
2024-08-28T07:43:13Z,1,32,0,,
2024-08-28T07:43:23Z,1,32,0,,
2024-08-28T07:43:23Z,1,32,0,,
2024-08-28T07:43:23Z,1,32,0,,
2024-08-28T07:43:23Z,1,32,0,,
2024-08-28T07:43:23Z,1,32,0,,
2024-08-28T07:43:23Z,1,32,0,,
2024-08-28T07:43:23Z,1,32,0,,
2024-08-28T07:43:23Z,1,32,0,,
2024-08-28T07:43:23Z,1,32,0,,
2024-08-28T07:43:23Z,1,32,0,,
2024-08-28T07:43:33Z,1,32,0,,
2024-08-28T07:43:33Z,1,32,0,,
2024-08-28T07:43:33Z,1,32,0,,
2024-08-28T07:43:33Z,1,32,0,,
2024-08-28T07:43:33Z,1,32,0,,
2024-08-28T07:43:33Z,0,32,0,,
2024-08-28T07:43:33Z,0,32,0,,
2024-08-28T07:43:33Z,1,32,0,,
2024-08-28T07:43:33Z,0,32,0,,
2024-08-28T07:43:33Z,1,32,0,,
2024-08-28T07:43:33Z,0,0,23,2024-08-28T07:40:06Z,3m27.040224607s
2024-08-28T07:43:33Z,0,0,23,2024-08-28T07:40:06Z,3m27.141114249s
2024-08-28T07:43:33Z,0,0,23,2024-08-28T07:40:06Z,3m27.302759973s
2024-08-28T07:43:34Z,0,0,23,2024-08-28T07:40:06Z,3m27.483626342s
2024-08-28T07:43:34Z,0,0,23,2024-08-28T07:40:06Z,3m27.62511445s
2024-08-28T07:43:34Z,0,0,23,2024-08-28T07:40:06Z,3m27.725439001s
2024-08-28T07:43:34Z,0,0,23,2024-08-28T07:40:06Z,3m27.806379073s
2024-08-28T07:43:34Z,0,0,23,2024-08-28T07:40:06Z,3m27.866661393s
2024-08-28T07:43:34Z,0,0,23,2024-08-28T07:40:06Z,3m27.906609402s
2024-08-28T07:43:34Z,0,0,23,2024-08-28T07:40:06Z,3m27.918807639s
2024-08-28T07:43:43Z,1,33,0,,
2024-08-28T07:43:43Z,1,33,0,,
2024-08-28T07:43:43Z,1,33,0,,
2024-08-28T07:43:43Z,1,33,0,,
2024-08-28T07:43:43Z,1,33,0,,
2024-08-28T07:43:43Z,1,33,0,,
2024-08-28T07:43:43Z,1,33,0,,
2024-08-28T07:43:43Z,1,33,0,,
2024-08-28T07:43:43Z,1,33,0,,
2024-08-28T07:43:43Z,1,33,0,,
2024-08-28T07:43:53Z,1,33,0,,
2024-08-28T07:43:53Z,1,33,0,,
2024-08-28T07:43:53Z,1,33,0,,
2024-08-28T07:43:53Z,1,33,0,,
2024-08-28T07:43:53Z,1,33,0,,
2024-08-28T07:43:53Z,1,33,0,,
2024-08-28T07:43:53Z,1,33,0,,
2024-08-28T07:43:53Z,0,33,0,,
2024-08-28T07:43:53Z,1,33,0,,
2024-08-28T07:43:53Z,1,33,0,,
2024-08-28T07:44:03Z,1,33,0,,
2024-08-28T07:44:03Z,0,33,0,,
2024-08-28T07:44:03Z,1,33,0,,
2024-08-28T07:44:03Z,1,33,0,,
2024-08-28T07:44:03Z,0,33,0,,
2024-08-28T07:44:03Z,1,33,0,,
2024-08-28T07:44:03Z,1,33,0,,
2024-08-28T07:44:03Z,1,33,0,,
2024-08-28T07:44:03Z,1,33,0,,
2024-08-28T07:44:03Z,1,33,0,,
2024-08-28T07:44:13Z,1,33,0,,
2024-08-28T07:44:13Z,0,33,0,,
2024-08-28T07:44:13Z,1,33,0,,
2024-08-28T07:44:13Z,0,33,0,,
2024-08-28T07:44:13Z,1,33,0,,
2024-08-28T07:44:13Z,1,33,0,,
2024-08-28T07:44:13Z,1,33,0,,
2024-08-28T07:44:13Z,1,33,0,,
2024-08-28T07:44:13Z,1,33,0,,
2024-08-28T07:44:13Z,1,33,0,,
2024-08-28T07:44:23Z,1,33,0,,
2024-08-28T07:44:23Z,0,33,0,,
2024-08-28T07:44:23Z,1,33,0,,
2024-08-28T07:44:23Z,1,33,0,,
2024-08-28T07:44:23Z,1,33,0,,
2024-08-28T07:44:23Z,1,33,0,,
2024-08-28T07:44:23Z,1,33,0,,
2024-08-28T07:44:23Z,0,33,0,,
2024-08-28T07:44:23Z,1,33,0,,
2024-08-28T07:44:23Z,1,33,0,,
2024-08-28T07:44:33Z,0,33,0,,
2024-08-28T07:44:33Z,1,33,0,,
2024-08-28T07:44:33Z,1,33,0,,
2024-08-28T07:44:33Z,0,33,0,,
2024-08-28T07:44:33Z,0,33,0,,
2024-08-28T07:44:33Z,1,33,0,,
2024-08-28T07:44:33Z,1,33,0,,
2024-08-28T07:44:33Z,0,33,0,,
2024-08-28T07:44:33Z,1,33,0,,
2024-08-28T07:44:33Z,0,33,0,,
2024-08-28T07:44:43Z,0,33,0,,
2024-08-28T07:44:43Z,1,33,0,,
2024-08-28T07:44:43Z,1,33,0,,
2024-08-28T07:44:43Z,0,33,0,,
2024-08-28T07:44:43Z,0,33,0,,
2024-08-28T07:44:43Z,1,33,0,,
2024-08-28T07:44:43Z,1,33,0,,
2024-08-28T07:44:43Z,1,33,0,,
2024-08-28T07:44:43Z,0,33,0,,
2024-08-28T07:44:43Z,1,33,0,,
2024-08-28T07:44:52Z,0,0,24,2024-08-28T07:40:31Z,4m20.684498559s
2024-08-28T07:44:52Z,0,0,24,2024-08-28T07:40:31Z,4m20.926230042s
2024-08-28T07:44:52Z,0,0,24,2024-08-28T07:40:31Z,4m20.926591608s
2024-08-28T07:44:52Z,0,0,24,2024-08-28T07:40:31Z,4m21.147101393s
2024-08-28T07:44:52Z,0,0,24,2024-08-28T07:40:31Z,4m21.147586245s
2024-08-28T07:44:52Z,0,0,24,2024-08-28T07:40:31Z,4m21.277987655s
2024-08-28T07:44:52Z,0,0,24,2024-08-28T07:40:31Z,4m21.338502316s
2024-08-28T07:44:52Z,0,0,24,2024-08-28T07:40:31Z,4m21.439135234s
2024-08-28T07:44:52Z,0,0,24,2024-08-28T07:40:31Z,4m21.540302662s
2024-08-28T07:44:53Z,0,0,24,2024-08-28T07:40:31Z,4m21.660678536s
2024-08-28T07:44:53Z,0,34,0,,
2024-08-28T07:44:53Z,1,34,0,,
2024-08-28T07:44:53Z,0,34,0,,
2024-08-28T07:44:53Z,1,34,0,,
2024-08-28T07:44:53Z,1,34,0,,
2024-08-28T07:44:53Z,1,34,0,,
2024-08-28T07:44:53Z,0,34,0,,
2024-08-28T07:44:53Z,1,34,0,,
2024-08-28T07:44:53Z,1,34,0,,
2024-08-28T07:44:53Z,1,34,0,,
2024-08-28T07:44:55Z,0,0,25,2024-08-28T07:40:43Z,4m11.986690903s
2024-08-28T07:44:55Z,0,0,25,2024-08-28T07:40:43Z,4m12.08750426s
2024-08-28T07:44:55Z,0,0,25,2024-08-28T07:40:43Z,4m12.087978827s
2024-08-28T07:44:55Z,0,0,25,2024-08-28T07:40:43Z,4m12.088467934s
2024-08-28T07:44:55Z,0,0,25,2024-08-28T07:40:43Z,4m12.089014217s
2024-08-28T07:44:55Z,0,0,25,2024-08-28T07:40:43Z,4m12.089360387s
2024-08-28T07:44:55Z,0,0,25,2024-08-28T07:40:43Z,4m12.089797173s
2024-08-28T07:44:55Z,0,0,25,2024-08-28T07:40:43Z,4m12.090224101s
2024-08-28T07:44:55Z,0,0,25,2024-08-28T07:40:43Z,4m12.090552484s
2024-08-28T07:44:55Z,0,0,25,2024-08-28T07:40:43Z,4m12.090896373s
2024-08-28T07:45:03Z,0,35,0,,
2024-08-28T07:45:03Z,1,35,0,,
2024-08-28T07:45:03Z,1,35,0,,
2024-08-28T07:45:03Z,0,35,0,,
2024-08-28T07:45:03Z,1,35,0,,
2024-08-28T07:45:03Z,1,35,0,,
2024-08-28T07:45:03Z,1,35,0,,
2024-08-28T07:45:03Z,1,35,0,,
2024-08-28T07:45:03Z,1,35,0,,
2024-08-28T07:45:03Z,1,35,0,,
2024-08-28T07:45:03Z,0,0,26,2024-08-28T07:41:13Z,3m50.161042075s
2024-08-28T07:45:03Z,0,0,26,2024-08-28T07:41:13Z,3m50.161441584s
2024-08-28T07:45:03Z,0,0,26,2024-08-28T07:41:13Z,3m50.161758692s
2024-08-28T07:45:03Z,0,0,26,2024-08-28T07:41:13Z,3m50.16211677s
2024-08-28T07:45:03Z,0,0,26,2024-08-28T07:41:13Z,3m50.162456366s
2024-08-28T07:45:03Z,0,0,26,2024-08-28T07:41:13Z,3m50.162800464s
2024-08-28T07:45:03Z,0,0,26,2024-08-28T07:41:13Z,3m50.163144489s
2024-08-28T07:45:03Z,0,0,26,2024-08-28T07:41:13Z,3m50.163484909s
2024-08-28T07:45:03Z,0,0,26,2024-08-28T07:41:13Z,3m50.163816108s
2024-08-28T07:45:03Z,0,0,26,2024-08-28T07:41:13Z,3m50.164163558s
2024-08-28T07:45:13Z,1,36,0,,
2024-08-28T07:45:13Z,0,36,0,,
2024-08-28T07:45:13Z,1,36,0,,
2024-08-28T07:45:13Z,0,36,0,,
2024-08-28T07:45:13Z,1,36,0,,
2024-08-28T07:45:13Z,1,36,0,,
2024-08-28T07:45:13Z,0,36,0,,
2024-08-28T07:45:13Z,1,36,0,,
2024-08-28T07:45:13Z,1,36,0,,
2024-08-28T07:45:13Z,1,36,0,,
2024-08-28T07:45:23Z,1,36,0,,
2024-08-28T07:45:23Z,1,36,0,,
2024-08-28T07:45:23Z,1,36,0,,
2024-08-28T07:45:23Z,1,36,0,,
2024-08-28T07:45:23Z,1,36,0,,
2024-08-28T07:45:23Z,1,36,0,,
2024-08-28T07:45:23Z,1,36,0,,
2024-08-28T07:45:23Z,1,36,0,,
2024-08-28T07:45:23Z,1,36,0,,
2024-08-28T07:45:23Z,1,36,0,,
2024-08-28T07:45:33Z,1,36,0,,
2024-08-28T07:45:33Z,1,36,0,,
2024-08-28T07:45:33Z,1,36,0,,
2024-08-28T07:45:33Z,0,36,0,,
2024-08-28T07:45:33Z,1,36,0,,
2024-08-28T07:45:33Z,1,36,0,,
2024-08-28T07:45:33Z,0,36,0,,
2024-08-28T07:45:33Z,0,36,0,,
2024-08-28T07:45:33Z,1,36,0,,
2024-08-28T07:45:33Z,1,36,0,,
2024-08-28T07:45:43Z,1,32,0,,
2024-08-28T07:45:43Z,0,32,0,,
2024-08-28T07:45:43Z,1,32,0,,
2024-08-28T07:45:43Z,1,32,0,,
2024-08-28T07:45:43Z,1,32,0,,
2024-08-28T07:45:43Z,1,32,0,,
2024-08-28T07:45:43Z,1,32,0,,
2024-08-28T07:45:43Z,1,32,0,,
2024-08-28T07:45:43Z,1,32,0,,
2024-08-28T07:45:43Z,0,32,0,,
2024-08-28T07:45:53Z,1,32,0,,
2024-08-28T07:45:53Z,1,32,0,,
2024-08-28T07:45:53Z,1,32,0,,
2024-08-28T07:45:53Z,1,32,0,,
2024-08-28T07:45:53Z,1,32,0,,
2024-08-28T07:45:53Z,1,32,0,,
2024-08-28T07:45:53Z,0,32,0,,
2024-08-28T07:45:53Z,1,32,0,,
2024-08-28T07:45:53Z,0,32,0,,
2024-08-28T07:45:53Z,1,32,0,,
2024-08-28T07:46:03Z,1,32,0,,
2024-08-28T07:46:03Z,1,32,0,,
2024-08-28T07:46:03Z,1,32,0,,
2024-08-28T07:46:03Z,0,32,0,,
2024-08-28T07:46:03Z,1,32,0,,
2024-08-28T07:46:03Z,0,32,0,,
2024-08-28T07:46:03Z,1,32,0,,
2024-08-28T07:46:03Z,1,32,0,,
2024-08-28T07:46:03Z,0,32,0,,
2024-08-28T07:46:03Z,1,32,0,,
2024-08-28T07:46:11Z,0,0,23,2024-08-28T07:40:06Z,6m5.202295626s
2024-08-28T07:46:12Z,0,0,23,2024-08-28T07:40:06Z,6m5.464032667s
2024-08-28T07:46:12Z,0,0,23,2024-08-28T07:40:06Z,6m5.503942748s
2024-08-28T07:46:12Z,0,0,23,2024-08-28T07:40:06Z,6m5.705790342s
2024-08-28T07:46:12Z,0,0,23,2024-08-28T07:40:06Z,6m5.907437416s
2024-08-28T07:46:12Z,0,0,23,2024-08-28T07:40:06Z,6m5.907785754s
2024-08-28T07:46:12Z,0,0,23,2024-08-28T07:40:06Z,6m6.027759412s
2024-08-28T07:46:12Z,0,0,23,2024-08-28T07:40:06Z,6m6.128537683s
2024-08-28T07:46:12Z,0,0,23,2024-08-28T07:40:06Z,6m6.30008429s
2024-08-28T07:46:13Z,0,0,23,2024-08-28T07:40:06Z,6m6.440859793s
2024-08-28T07:46:13Z,1,33,0,,
2024-08-28T07:46:13Z,1,33,0,,
2024-08-28T07:46:13Z,0,33,0,,
2024-08-28T07:46:13Z,1,33,0,,
2024-08-28T07:46:13Z,1,33,0,,
2024-08-28T07:46:13Z,0,33,0,,
2024-08-28T07:46:13Z,1,33,0,,
2024-08-28T07:46:13Z,0,33,0,,
2024-08-28T07:46:13Z,1,33,0,,
2024-08-28T07:46:13Z,0,33,0,,
2024-08-28T07:46:23Z,0,33,0,,
2024-08-28T07:46:23Z,1,33,0,,
2024-08-28T07:46:23Z,1,33,0,,
2024-08-28T07:46:23Z,0,33,0,,
2024-08-28T07:46:23Z,1,33,0,,
2024-08-28T07:46:23Z,0,33,0,,
2024-08-28T07:46:23Z,1,33,0,,
2024-08-28T07:46:23Z,1,33,0,,
2024-08-28T07:46:23Z,1,33,0,,
2024-08-28T07:46:23Z,1,33,0,,
2024-08-28T07:46:33Z,1,33,0,,
2024-08-28T07:46:33Z,0,33,0,,
2024-08-28T07:46:33Z,1,33,0,,
2024-08-28T07:46:33Z,0,33,0,,
2024-08-28T07:46:33Z,0,33,0,,
2024-08-28T07:46:33Z,1,33,0,,
2024-08-28T07:46:33Z,1,33,0,,
2024-08-28T07:46:33Z,0,33,0,,
2024-08-28T07:46:33Z,0,33,0,,
2024-08-28T07:46:33Z,1,33,0,,
2024-08-28T07:46:37Z,0,0,24,2024-08-28T07:40:31Z,6m6.397243605s
2024-08-28T07:46:37Z,0,0,24,2024-08-28T07:40:31Z,6m6.497952113s
2024-08-28T07:46:37Z,0,0,24,2024-08-28T07:40:31Z,6m6.578464565s
2024-08-28T07:46:38Z,0,0,24,2024-08-28T07:40:31Z,6m6.709495351s
2024-08-28T07:46:38Z,0,0,24,2024-08-28T07:40:31Z,6m6.85056821s
2024-08-28T07:46:38Z,0,0,24,2024-08-28T07:40:31Z,6m6.951142596s
2024-08-28T07:46:38Z,0,0,24,2024-08-28T07:40:31Z,6m7.052026856s
2024-08-28T07:46:38Z,0,0,24,2024-08-28T07:40:31Z,6m7.112460318s
2024-08-28T07:46:38Z,0,0,24,2024-08-28T07:40:31Z,6m7.193030831s
2024-08-28T07:46:38Z,0,0,24,2024-08-28T07:40:31Z,6m7.314252736s
2024-08-28T07:46:43Z,1,34,0,,
2024-08-28T07:46:43Z,1,34,0,,
2024-08-28T07:46:43Z,1,34,0,,
2024-08-28T07:46:43Z,1,34,0,,
2024-08-28T07:46:43Z,1,34,0,,
2024-08-28T07:46:43Z,1,34,0,,
2024-08-28T07:46:43Z,1,34,0,,
2024-08-28T07:46:43Z,1,34,0,,
2024-08-28T07:46:43Z,1,34,0,,
2024-08-28T07:46:43Z,1,34,0,,
2024-08-28T07:46:51Z,0,0,25,2024-08-28T07:40:43Z,6m8.24260903s
2024-08-28T07:46:51Z,0,0,25,2024-08-28T07:40:43Z,6m8.243174201s
2024-08-28T07:46:51Z,0,0,25,2024-08-28T07:40:43Z,6m8.243649689s
2024-08-28T07:46:51Z,0,0,25,2024-08-28T07:40:43Z,6m8.244074914s
2024-08-28T07:46:51Z,0,0,25,2024-08-28T07:40:43Z,6m8.244434549s
2024-08-28T07:46:51Z,0,0,25,2024-08-28T07:40:43Z,6m8.262567731s
2024-08-28T07:46:51Z,0,0,25,2024-08-28T07:40:43Z,6m8.262918096s
2024-08-28T07:46:51Z,0,0,25,2024-08-28T07:40:43Z,6m8.263241009s
2024-08-28T07:46:51Z,0,0,25,2024-08-28T07:40:43Z,6m8.263590806s
2024-08-28T07:46:51Z,0,0,25,2024-08-28T07:40:43Z,6m8.263923768s
2024-08-28T07:46:53Z,0,35,0,,
2024-08-28T07:46:53Z,0,35,0,,
2024-08-28T07:46:53Z,0,35,0,,
2024-08-28T07:46:53Z,0,35,0,,
2024-08-28T07:46:53Z,1,35,0,,
2024-08-28T07:46:53Z,0,35,0,,
2024-08-28T07:46:53Z,0,35,0,,
2024-08-28T07:46:53Z,0,35,0,,
2024-08-28T07:46:53Z,0,35,0,,
2024-08-28T07:46:53Z,0,35,0,,
2024-08-28T07:47:03Z,0,35,0,,
2024-08-28T07:47:03Z,0,35,0,,
2024-08-28T07:47:03Z,0,35,0,,
2024-08-28T07:47:03Z,0,35,0,,
2024-08-28T07:47:03Z,0,35,0,,
2024-08-28T07:47:03Z,1,35,0,,
2024-08-28T07:47:03Z,0,35,0,,
2024-08-28T07:47:03Z,0,35,0,,
2024-08-28T07:47:03Z,0,35,0,,
2024-08-28T07:47:03Z,0,35,0,,
2024-08-28T07:47:13Z,1,35,0,,
2024-08-28T07:47:13Z,0,35,0,,
2024-08-28T07:47:13Z,1,35,0,,
2024-08-28T07:47:13Z,0,35,0,,
2024-08-28T07:47:13Z,0,35,0,,
2024-08-28T07:47:13Z,0,35,0,,
2024-08-28T07:47:13Z,1,35,0,,
2024-08-28T07:47:13Z,0,35,0,,
2024-08-28T07:47:13Z,0,35,0,,
2024-08-28T07:47:13Z,1,35,0,,
2024-08-28T07:47:23Z,1,35,0,,
2024-08-28T07:47:23Z,0,35,0,,
2024-08-28T07:47:23Z,0,35,0,,
2024-08-28T07:47:23Z,0,35,0,,
2024-08-28T07:47:23Z,0,35,0,,
2024-08-28T07:47:23Z,0,35,0,,
2024-08-28T07:47:23Z,0,35,0,,
2024-08-28T07:47:23Z,1,35,0,,
2024-08-28T07:47:23Z,0,35,0,,
2024-08-28T07:47:23Z,0,35,0,,
2024-08-28T07:47:23Z,0,0,26,2024-08-28T07:41:13Z,6m10.196767032s
2024-08-28T07:47:23Z,0,0,26,2024-08-28T07:41:13Z,6m10.197166325s
2024-08-28T07:47:23Z,0,0,26,2024-08-28T07:41:13Z,6m10.19756266s
2024-08-28T07:47:23Z,0,0,26,2024-08-28T07:41:13Z,6m10.197915762s
2024-08-28T07:47:23Z,0,0,26,2024-08-28T07:41:13Z,6m10.198260037s
2024-08-28T07:47:23Z,0,0,26,2024-08-28T07:41:13Z,6m10.19860016s
2024-08-28T07:47:23Z,0,0,26,2024-08-28T07:41:13Z,6m10.19893596s
2024-08-28T07:47:23Z,0,0,26,2024-08-28T07:41:13Z,6m10.19929618s
2024-08-28T07:47:23Z,0,0,26,2024-08-28T07:41:13Z,6m10.199635563s
2024-08-28T07:47:23Z,0,0,26,2024-08-28T07:41:13Z,6m10.199978255s
2024-08-28T07:47:33Z,1,36,0,,
2024-08-28T07:47:33Z,0,36,0,,
2024-08-28T07:47:33Z,0,36,0,,
2024-08-28T07:47:33Z,0,36,0,,
2024-08-28T07:47:33Z,1,36,0,,
2024-08-28T07:47:33Z,0,36,0,,
2024-08-28T07:47:33Z,0,36,0,,
2024-08-28T07:47:33Z,0,36,0,,
2024-08-28T07:47:33Z,0,36,0,,
2024-08-28T07:47:33Z,1,36,0,,
2024-08-28T07:47:43Z,0,36,0,,
2024-08-28T07:47:43Z,0,36,0,,
2024-08-28T07:47:43Z,0,36,0,,
2024-08-28T07:47:43Z,0,36,0,,
2024-08-28T07:47:43Z,0,36,0,,
2024-08-28T07:47:43Z,0,36,0,,
2024-08-28T07:47:43Z,0,36,0,,
2024-08-28T07:47:43Z,0,36,0,,
2024-08-28T07:47:43Z,0,36,0,,
2024-08-28T07:47:43Z,0,36,0,,
2024-08-28T07:47:53Z,1,36,0,,
2024-08-28T07:47:53Z,0,36,0,,
2024-08-28T07:47:53Z,1,36,0,,
2024-08-28T07:47:53Z,0,36,0,,
2024-08-28T07:47:53Z,0,36,0,,
2024-08-28T07:47:53Z,1,36,0,,
2024-08-28T07:47:53Z,0,36,0,,
2024-08-28T07:47:53Z,0,36,0,,
2024-08-28T07:47:53Z,0,36,0,,
2024-08-28T07:47:53Z,1,36,0,,
2024-08-28T07:48:03Z,0,36,0,,
2024-08-28T07:48:03Z,0,36,0,,
2024-08-28T07:48:03Z,1,36,0,,
2024-08-28T07:48:03Z,1,36,0,,
2024-08-28T07:48:03Z,1,36,0,,
2024-08-28T07:48:03Z,0,36,0,,
2024-08-28T07:48:03Z,0,36,0,,
2024-08-28T07:48:03Z,1,36,0,,
2024-08-28T07:48:03Z,0,36,0,,
2024-08-28T07:48:03Z,0,36,0,,
2024-08-28T07:48:13Z,0,36,0,,
2024-08-28T07:48:13Z,0,36,0,,
2024-08-28T07:48:13Z,0,36,0,,
2024-08-28T07:48:13Z,0,36,0,,
2024-08-28T07:48:13Z,0,36,0,,
2024-08-28T07:48:13Z,0,36,0,,
2024-08-28T07:48:13Z,1,36,0,,
2024-08-28T07:48:13Z,0,36,0,,
2024-08-28T07:48:13Z,0,36,0,,
2024-08-28T07:48:13Z,1,36,0,,
2024-08-28T07:48:13Z,0,0,27,2024-08-28T07:41:17Z,6m56.060603151s
2024-08-28T07:48:13Z,0,0,27,2024-08-28T07:41:17Z,6m56.061007842s
2024-08-28T07:48:13Z,0,0,27,2024-08-28T07:41:17Z,6m56.061340801s
2024-08-28T07:48:13Z,0,0,27,2024-08-28T07:41:17Z,6m56.061706931s
2024-08-28T07:48:13Z,0,0,27,2024-08-28T07:41:17Z,6m56.062072076s
2024-08-28T07:48:13Z,0,0,27,2024-08-28T07:41:17Z,6m56.062411826s
2024-08-28T07:48:13Z,0,0,27,2024-08-28T07:41:17Z,6m56.062746986s
2024-08-28T07:48:13Z,0,0,27,2024-08-28T07:41:17Z,6m56.063087831s
2024-08-28T07:48:13Z,0,0,27,2024-08-28T07:41:17Z,6m56.063419416s
2024-08-28T07:48:13Z,0,0,27,2024-08-28T07:41:17Z,6m56.063754382s
